날짜,시도지역,일수,발생건수(건),일평균 발생건수(건),평균기온(°C),평균최고기온(°C),평균최저기온(°C),평균일교차(°C),평균상대습도(%),월합강수량(00~24h만)(mm),SO2(ppm),NO2(ppm),CO(ppm),PM-10(ug/m3),월별 인구수,0~14세,65세 이상,취약계층,취약계층비율,
201401,서울,31,186096,6003,-0.7,3.5,-4.9,8.4,50,13,0.007,0.042,0.7,57,10143164,1286747,1167971,2454718,0.242007129,
201402,서울,28,203884,7282,1.9,6.6,-1.8,8.4,52,16.2,0.006,0.039,0.6,57,10144173,1282865,1173044,2455909,0.242100465,
201403,서울,31,187153,6037,7.9,13.1,3.5,9.6,60,7.2,0.007,0.037,0.5,60,10141727,1278461,1178004,2456465,0.242213678,
201404,서울,30,210748,7025,14,19.6,9.4,10.2,60,31,0.006,0.04,0.5,58,10137313,1274956,1181329,2456285,0.242301387,
201405,서울,31,180015,5807,18.9,25.3,13.8,11.5,59,63,0.006,0.032,0.5,63,10133734,1271744,1185221,2456965,0.242454065,
201406,서울,30,133359,4445,23.1,27.8,19.7,8.1,73,98.1,0.005,0.026,0.4,38,10129223,1268782,1188361,2457143,0.242579613,
201407,서울,31,130177,4199,26.1,30.6,22.9,7.7,74,207.9,0.005,0.023,0.4,38,10125912,1266226,1194587,2460813,0.243021369,
201408,서울,31,119291,3848,25.2,29,22.1,6.9,77,172.8,0.004,0.024,0.4,29,10124243,1263020,1200034,2463054,0.243282782,
201409,서울,30,157470,5249,22.1,27,18,9,69,88.1,0.004,0.03,0.4,29,10122661,1260748,1204968,2465716,0.243583777,
201410,서울,31,179194,5780,15.6,21.4,10.7,10.7,63,52.2,0.005,0.035,0.5,33,10117909,1258035,1208987,2467022,0.243827257,
201411,서울,30,199284,6643,9,13.8,4.9,8.9,61,41.5,0.006,0.039,0.6,45,10112156,1254123,1212577,2466700,0.243934132,
201412,서울,31,198113,6391,-2.9,1.5,-6.7,8.2,56,17.9,0.006,0.034,0.7,44,10103233,1250859,1216529,2467388,0.244217668,
201501,서울,31,169312,5462,-0.9,3.6,-4.8,8.4,56,11.3,0.007,0.037,0.7,49,10104515,1245584,1223221,2468805,0.244326917,
201502,서울,28,158973,5678,1,6,-2.9,8.9,59,22.7,0.007,0.036,0.7,84,10105206,1240607,1228647,2469254,0.244354643,
201503,서울,31,176136,5682,6.3,12.4,1,11.4,45,9.6,0.007,0.04,0.6,71,10100987,1235485,1233528,2469013,0.244432846,
201504,서울,30,181459,6049,13.3,18.8,8.4,10.4,55,80.5,0.005,0.033,0.5,45,10094889,1232194,1237181,2469375,0.24461636,
201505,서울,31,159484,5145,18.9,24.9,13.6,11.3,53,28.9,0.006,0.032,0.4,45,10088393,1228614,1241410,2470024,0.244838202,
201506,서울,30,112073,3736,23.6,29.5,18.9,10.6,60,99,0.005,0.025,0.4,35,10078850,1225974,1243829,2469803,0.245048096,
201507,서울,31,95429,3078,25.8,30,22.6,7.4,71,226,0.005,0.021,0.4,30,10071654,1222998,1247714,2470712,0.245313431,
201508,서울,31,108732,3507,26.3,30.8,22.8,8,70,72.9,0.005,0.023,0.4,34,10063197,1218400,1250634,2469034,0.245352844,
201509,서울,30,143773,4792,22.4,28.1,17.5,10.6,56,26,0.004,0.027,0.4,28,10055027,1214056,1253588,2467644,0.245413961,
201510,서울,31,157783,5090,15.5,21.2,10.8,10.4,61,81.5,0.005,0.035,0.5,44,10045027,1209926,1256754,2466680,0.245562307,
201511,서울,30,166570,5552,8.9,12.7,5.9,6.8,74,104.6,0.005,0.034,0.6,33,10035597,1205098,1259607,2464705,0.245596251,
201512,서울,31,204862,6608,1.6,6,-2.1,8.1,60,29.1,0.006,0.039,0.7,48,10022181,1201105,1262436,2463541,0.245808871,
201601,서울,31,162052,5227,-3.2,1.1,-6.8,7.9,53,1,0.006,0.035,0.6,50,10018537,1195728,1267890,2463618,0.245905964,
201602,서울,29,169818,5856,0.2,5.1,-4.1,9.2,52,47.6,0.006,0.034,0.6,45,10014261,1190951,1271408,2462359,0.245885243,
201603,서울,31,177737,5733,7,12.6,2.4,10.2,51,40.5,0.006,0.038,0.6,64,10009588,1186908,1274296,2461204,0.245884646,
201604,서울,30,177222,5907,14.1,20.3,9.1,11.2,55,76.8,0.005,0.036,0.5,71,10002979,1183557,1276417,2459974,0.245924139,
201605,서울,31,159320,5139,19.6,25.7,14.1,11.6,56,160.5,0.005,0.031,0.5,56,9995784,1180966,1278827,2459793,0.246083049,
201606,서울,30,118474,3949,23.6,28.7,19.5,9.2,63,54.4,0.005,0.028,0.4,46,9989795,1178550,1280784,2459334,0.246184631,
201607,서울,31,101869,3286,26.2,29.8,23.3,6.5,73,358.2,0.004,0.024,0.4,33,9981673,1175475,1283613,2459088,0.246360305,
201608,서울,31,106237,3427,28,32.6,24.5,8.1,64,67.1,0.004,0.023,0.4,34,9971111,1171370,1285551,2456921,0.246403936,
201609,서울,30,130633,4354,23.1,27.9,19.3,8.6,65,33,0.004,0.026,0.5,37,9964291,1168117,1288162,2456279,0.246508156,
201610,서울,31,151820,4897,16.1,21.3,11.6,9.7,62,74.8,0.004,0.029,0.5,38,9954791,1164403,1290645,2455048,0.246619743,
201611,서울,30,178502,5950,6.8,11.6,2.8,8.8,57,16.7,0.005,0.035,0.6,52,9943333,1160524,1292719,2453243,0.246722402,
201612,서울,31,222145,7166,1.2,5.8,-2.7,8.5,59,61.1,0.005,0.036,0.7,48,9930616,1157100,1295899,2452999,0.24701378,
201701,서울,31,147594,4761,-1.8,2.9,-5.8,8.7,55,14.9,0.005,0.035,0.7,53,9930478,1153448,1303079,2456527,0.247372483,
201702,서울,28,132285,4724,-0.2,4.8,-4.7,9.5,54,11.1,0.005,0.035,0.6,46,9931412,1150158,1309452,2459610,0.247659648,
201703,서울,31,159285,5138,6.3,12.3,1.7,10.6,48,7.9,0.005,0.038,0.6,60,9926968,1146990,1315717,2462707,0.248082496,
201704,서울,30,165988,5533,13.9,20,9.1,10.9,52,61.6,0.005,0.031,0.5,56,9922745,1143855,1320663,2464518,0.248370587,
201705,서울,31,146187,4716,19.5,25.4,14.4,11,52,16.1,0.005,0.028,0.4,63,9919016,1141584,1329316,2470900,0.249107371,
201706,서울,30,116264,3875,23.3,28.8,18.7,10.1,57,66.6,0.004,0.024,0.4,41,9914381,1139424,1333704,2473128,0.249448554,
201707,서울,31,100246,3234,26.9,30.4,24.3,6.1,77,621,0.004,0.023,0.4,33,9908612,1136299,1338916,2475215,0.249804413,
201708,서울,31,95263,3073,25.9,29.7,22.9,6.8,71,297,0.004,0.021,0.4,21,9902072,1132955,1343787,2476742,0.25012361,
201709,서울,30,128849,4295,22.1,27.4,17.5,9.9,61,35,0.004,0.027,0.5,32,9891448,1129604,1348123,2477727,0.250491839,
201710,서울,31,117534,3791,16.4,22.5,11.6,10.9,56,26.5,0.004,0.027,0.5,29,9882810,1126288,1352694,2478982,0.250837768,
201711,서울,30,157956,5265,5.6,10.5,1.3,9.2,54,40.7,0.005,0.033,0.6,42,9870167,1122567,1355815,2478382,0.251098284,
201712,서울,31,173566,5599,-1.9,2.2,-5.7,7.9,56,34.8,0.005,0.034,0.7,50,9857426,1119266,1359901,2479167,0.251502471,
201801,서울,31,165903,5352,-4,0.1,-7.3,7.4,48,8.5,0.006,0.035,0.6,52,9851767,1114604,1365618,2480222,0.251754025,
201802,서울,28,114359,4084,-1.6,3.3,-5.9,9.2,45,29.6,0.005,0.034,0.6,53,9845336,1109300,1370496,2479796,0.251875203,
201803,서울,31,132650,4279,8.1,13.6,3.8,9.8,59,49.5,0.005,0.033,0.6,52,9838892,1104333,1376261,2480594,0.252121275,
201804,서울,30,152377,5079,13,18.5,8.1,10.4,55,130.3,0.004,0.031,0.5,52,9830452,1100133,1379718,2479851,0.252262154,
201805,서울,31,142781,4606,18.2,23.3,13.4,9.9,63,222,0.004,0.025,0.4,42,9820971,1096357,1384319,2480676,0.252589688,
201806,서울,30,112303,3743,23.1,28.4,18.9,9.5,63,171.5,0.004,0.024,0.4,37,9814049,1093175,1387631,2480806,0.25278109,
201401,부산,31,66881,2157,5,9.7,1.2,8.5,41,9.6,0.008,0.024,0.5,57,3526648,429378,470039,899417,0.255034526,
201402,부산,28,68670,2453,5.8,9.9,2.7,7.2,62,44.1,0.006,0.02,0.4,45,3527439,428905,472483,901388,0.255536099,
201403,부산,31,75131,2424,9.8,14.5,6.2,8.3,60,136.7,0.007,0.02,0.4,50,3525512,427623,474856,902479,0.25598523,
201404,부산,30,79683,2656,14.6,19.3,11.2,8.1,59,147.8,0.008,0.023,0.4,53,3523386,426567,476504,903071,0.256307711,
201405,부산,31,66021,2130,18.7,23.2,15.4,7.8,69,145.9,0.007,0.021,0.4,71,3521473,425544,478323,903867,0.256672989,
201406,부산,30,50024,1667,21.4,24.9,19,5.9,80,44.5,0.007,0.018,0.3,54,3521210,424866,479606,904472,0.256863976,
201407,부산,31,46377,1496,24.8,28.1,22.4,5.7,85,169.3,0.007,0.017,0.3,48,3520288,424241,482017,906258,0.257438596,
201408,부산,31,44054,1421,24.2,27.1,22.2,4.9,86,642.2,0.006,0.015,0.3,36,3520287,423728,484328,908056,0.257949423,
201409,부산,30,56050,1868,22.7,26.5,19.9,6.6,75,128.7,0.006,0.016,0.3,39,3520732,423123,486432,909555,0.258342583,
201410,부산,31,65890,2125,17.9,22.1,14.6,7.5,68,162.5,0.006,0.018,0.4,39,3525913,422676,488892,911568,0.258533889,
201411,부산,30,74473,2482,12.7,17.4,9.2,8.2,61,40.5,0.007,0.024,0.4,47,3522643,421143,490484,911627,0.25879063,
201412,부산,31,77456,2499,3.5,8.2,-0.5,8.7,50,21.3,0.006,0.021,0.4,42,3519401,420118,492116,912234,0.259201495,
201501,부산,31,66955,2160,4.7,9.4,0.9,8.5,53,50.7,0.007,0.022,0.4,47,3517898,418975,494664,913639,0.259711623,
201502,부산,28,65611,2343,5.4,10.2,1.4,8.8,54,30.5,0.007,0.02,0.4,63,3517939,418204,496936,915140,0.260135267,
201503,부산,31,73513,2371,9.5,14.3,5.4,8.9,54,76.5,0.008,0.021,0.4,56,3515839,416954,499184,916138,0.260574503,
201504,부산,30,73161,2439,13.9,17.8,10.6,7.2,69,268,0.008,0.019,0.4,48,3515439,416230,501205,917435,0.260973096,
201505,부산,31,65924,2127,18.8,22.9,15.4,7.5,67,183,0.009,0.025,0.4,56,3515806,415532,503364,918896,0.261361406,
201506,부산,30,51117,1704,21,24.7,18.4,6.3,80,69.2,0.008,0.019,0.3,49,3517491,415327,505062,920389,0.261660655,
201507,부산,31,40615,1310,23.9,27,21.7,5.3,83,176.7,0.007,0.016,0.3,37,3518955,415126,507049,922175,0.262059333,
201508,부산,31,40337,1301,26.1,29.3,23.5,5.8,79,132.5,0.006,0.018,0.3,39,3517907,414277,508358,922635,0.262268161,
201509,부산,30,55965,1866,22.1,25.9,19.2,6.7,74,172,0.005,0.015,0.3,29,3516704,413161,509816,922977,0.262455128,
201510,부산,31,65020,2097,18.1,22.9,14.4,8.5,62,62,0.005,0.021,0.4,43,3515689,412195,511343,923538,0.262690471,
201511,부산,30,65044,2168,13.6,17.5,10.9,6.6,73,124.1,0.005,0.023,0.4,33,3514842,411192,512857,924049,0.262899157,
201512,부산,31,80284,2590,7.9,12.4,4.4,8,59,51.5,0.005,0.025,0.5,41,3513777,410488,514630,925118,0.263283071,
201601,부산,31,63714,2055,3.1,7.6,-0.3,7.9,49,59.5,0.005,0.024,0.5,45,3513361,409530,516788,926318,0.263655799,
201602,부산,29,65216,2249,5.5,10.4,1.3,9.1,48,63.7,0.006,0.023,0.4,46,3513192,409071,518638,927709,0.264064418,
201603,부산,31,68168,2199,9.9,14.4,6.3,8.1,61,133.5,0.006,0.026,0.4,52,3512444,408232,521084,929316,0.264578168,
201604,부산,30,65816,2194,15.1,19.2,11.9,7.3,66,198.5,0.006,0.024,0.4,60,3511974,407619,522683,930302,0.26489433,
201605,부산,31,60543,1953,19.3,23.7,15.7,8,64,108.8,0.007,0.023,0.4,53,3510833,406892,524299,931191,0.265233635,
201606,부산,30,47836,1595,21.9,25.3,19.5,5.8,80,115.2,0.006,0.019,0.4,39,3509462,406398,525361,931759,0.265499099,
201607,부산,31,39054,1260,25.3,28.5,23,5.5,85,188.8,0.006,0.017,0.3,29,3508095,405707,526895,932602,0.265842858,
201608,부산,31,40060,1292,27.7,31.8,24.6,7.2,72,141.5,0.005,0.015,0.4,36,3507205,405282,528565,933847,0.266265302,
201609,부산,30,50342,1678,22.9,26.3,20.7,5.6,80,407.9,0.005,0.016,0.3,36,3505821,404533,530363,934896,0.266669633,
201610,부산,31,62215,2007,18.7,22.3,16.1,6.2,73,182.4,0.005,0.018,0.4,37,3503789,403755,532277,936032,0.267148507,
201611,부산,30,66012,2200,11.8,16.4,8.3,8.1,61,56.6,0.005,0.024,0.4,49,3501671,403039,533821,936860,0.267546551,
201612,부산,31,70848,2285,7.3,12.1,3.2,8.9,54,103.8,0.005,0.026,0.5,44,3498529,401980,536064,938044,0.268125261,
201701,부산,31,59281,1912,4.1,9.1,0.1,9,46,12,0.005,0.024,0.4,45,3496779,400920,539173,940093,0.268845415,
201702,부산,28,51876,1853,5.5,10.8,0.9,9.9,45,33.8,0.005,0.021,0.4,42,3495478,400194,541937,942131,0.269528517,
201703,부산,31,62550,2018,9,13.9,5.2,8.7,53,35.7,0.005,0.022,0.4,52,3493041,399368,544983,944351,0.270352109,
201704,부산,30,65002,2167,15,19,11.4,7.6,64,105.1,0.006,0.021,0.4,54,3491282,398369,547183,945552,0.270832319,
201705,부산,31,58606,1891,19,23.7,15.4,8.3,63,39.2,0.006,0.021,0.4,58,3489212,397792,550566,948358,0.271797185,
201706,부산,30,45541,1518,21.3,25.2,18.4,6.8,70,49.8,0.006,0.018,0.3,42,3486570,397212,552055,949267,0.272263858,
201707,부산,31,37805,1220,26.1,29.2,23.6,5.6,82,172.1,0.005,0.017,0.3,37,3484836,396397,554328,950725,0.272817717,
201708,부산,31,36308,1171,27,30.5,24.3,6.2,74,82.5,0.004,0.013,0.3,28,3484183,395589,556837,952426,0.273357054,
201709,부산,30,46319,1544,22.6,26.5,19.6,6.9,69,335,0.004,0.017,0.3,39,3482804,394828,559230,954058,0.273933876,
201710,부산,31,45703,1474,18.1,22.3,15.1,7.2,68,138.3,0.004,0.016,0.3,32,3478109,393673,561560,955233,0.274641479,
201711,부산,30,57804,1927,11.2,16.3,6.9,9.4,49,0.3,0.004,0.025,0.4,50,3474534,393026,563344,956370,0.2752513,
201712,부산,31,63759,2057,3.6,8.6,-0.7,9.3,40,10.6,0.004,0.023,0.4,46,3470653,391988,565527,957515,0.275889004,
201801,부산,31,66297,2139,1.9,6.5,-1.9,8.4,45,40.9,0.004,0.022,0.4,45,3467055,391018,567643,958661,0.276505853,
201802,부산,28,45741,1634,3.9,8.9,-0.2,9.1,42,52.5,0.005,0.022,0.4,52,3465407,390252,569967,960219,0.277086934,
201803,부산,31,52426,1691,10,14.5,6,8.5,63,206.1,0.005,0.021,0.4,44,3463103,389309,573015,962324,0.277879116,
201804,부산,30,58530,1951,14.5,18.7,11.1,7.6,63,156.4,0.005,0.019,0.3,63,3460707,388307,574889,963196,0.278323476,
201805,부산,31,54781,1767,17.8,21.5,15,6.5,73,155.8,0.006,0.018,0.3,44,3458134,387606,576949,964555,0.278923547,
201806,부산,30,46402,1547,21.5,25.2,18.9,6.3,75,276.7,0.006,0.019,0.3,41,3455611,387034,578332,965366,0.279361884,
201401,대구,31,55311,1784,2.8,8.1,-1.7,9.8,40,1.7,0.008,0.038,0.7,60,2501823,352324,290944,643268,0.257119708,
201402,대구,28,65015,2322,4.5,9.3,0.3,9,54,7,0.005,0.03,0.5,50,2500778,351534,292446,643980,0.257511862,
201403,대구,31,63685,2054,9.7,15.3,4.6,10.7,51,110.5,0.004,0.026,0.5,50,2500874,350349,294124,644473,0.257699108,
201404,대구,30,76238,2541,15.5,21.5,10.1,11.4,48,105,0.004,0.027,0.4,53,2499880,349395,295210,644605,0.257854377,
201405,대구,31,61630,1988,21.2,27.9,15.1,12.8,44,24.4,0.004,0.022,0.4,60,2498632,348474,296126,644600,0.257981167,
201406,대구,30,42092,1403,23.4,28.4,19.4,9,63,28.2,0.002,0.015,0.3,42,2498450,347737,296982,644719,0.25804759,
201407,대구,31,37901,1223,27,31.9,23.1,8.8,68,142.6,0.003,0.015,0.3,38,2497705,346904,298318,645222,0.258325943,
201408,대구,31,35448,1143,24.7,28.8,21.7,7.1,79,402.8,0.002,0.015,0.3,27,2496596,345891,299585,645476,0.258542431,
201409,대구,30,47963,1599,22.5,27.8,18.1,9.7,68,110.5,0.003,0.017,0.3,33,2491269,344610,300542,645152,0.25896521,
201410,대구,31,57757,1863,16.4,22,11.6,10.4,64,88.6,0.003,0.026,0.4,36,2492994,343841,301568,645409,0.258889111,
201411,대구,30,69771,2326,10.3,15.7,5.9,9.8,60,45.3,0.004,0.034,0.5,49,2493857,342691,302441,645132,0.258688449,
201412,대구,31,63942,2063,1.2,5.8,-2.8,8.6,47,5.5,0.005,0.027,0.5,44,2493264,341659,303537,645196,0.258775645,
201501,대구,31,53861,1737,2.3,6.8,-1.7,8.5,57,24.1,0.005,0.031,0.5,54,2492658,340296,305141,645437,0.258935241,
201502,대구,28,50406,1800,3.8,9,-0.6,9.6,53,14.6,0.005,0.026,0.5,66,2492583,339378,306473,645851,0.259109125,
201503,대구,31,63630,2053,9.2,15.5,3.3,12.2,46,50.5,0.004,0.027,0.5,61,2491897,338211,307747,645958,0.259223395,
201504,대구,30,65381,2179,14.6,20.2,9.5,10.7,63,82.7,0.003,0.019,0.4,42,2491545,337245,308746,645991,0.259273262,
201505,대구,31,53192,1716,21.7,28,15.4,12.6,49,34.7,0.003,0.018,0.4,48,2491867,336261,309915,646176,0.259314,
201506,대구,30,38451,1282,22.9,28.5,18.3,10.2,66,62.1,0.003,0.016,0.4,47,2491137,335628,310795,646423,0.259489141,
201507,대구,31,30914,997,25,29.5,21.3,8.2,72,157.5,0.003,0.014,0.4,34,2490799,334770,311896,646666,0.259621912,
201508,대구,31,34039,1098,26,31.2,22,9.2,75,269.5,0.003,0.016,0.3,37,2490621,333782,312692,646474,0.259563378,
201509,대구,30,48569,1619,20.6,25.9,16.2,9.7,77,70.3,0.002,0.017,0.3,30,2490584,332716,313512,646228,0.259468462,
201510,대구,31,56408,1820,15.8,22.2,10.4,11.8,68,38.1,0.003,0.022,0.4,43,2489847,331586,314377,645963,0.259438833,
201511,대구,30,61137,2038,11,15,7.6,7.4,80,70.9,0.003,0.022,0.4,34,2489339,330461,315139,645600,0.259345955,
201512,대구,31,66050,2131,4.5,9,0.5,8.5,69,33.5,0.004,0.026,0.6,51,2487829,329453,316122,645575,0.259493317,
201601,대구,31,50607,1632,-0.2,4.3,-4.2,8.5,58,23.8,0.004,0.027,0.6,49,2487823,328309,317644,645953,0.259645883,
201602,대구,29,52649,1815,3.1,8.3,-1.6,9.9,52,15.5,0.004,0.023,0.5,45,2486589,327484,318779,646263,0.259899404,
201603,대구,31,53698,1732,8.8,14.5,3.5,11,55,67.5,0.004,0.023,0.4,52,2486059,326340,319966,646306,0.259972108,
201604,대구,30,54563,1819,14.9,21,9.5,11.5,61,151,0.004,0.02,0.4,60,2485663,325572,320682,646254,0.259992606,
201605,대구,31,48930,1578,20,26.7,13.6,13.1,59,65,0.004,0.017,0.3,48,2485134,324888,321621,646509,0.260150559,
201606,대구,30,35999,1200,23.4,28.3,19.1,9.2,67,45.7,0.003,0.014,0.3,39,2484864,324430,322266,646696,0.260254082,
201607,대구,31,29956,966,26.4,31.5,22.6,8.9,73,307.3,0.003,0.012,0.3,29,2484856,323795,323127,646922,0.260345871,
201608,대구,31,28803,929,27.6,33.2,23.2,10,65,81.2,0.003,0.012,0.3,28,2485537,323529,324132,647661,0.26057186,
201609,대구,30,39614,1320,21.9,25.9,18.7,7.2,79,306.5,0.003,0.016,0.3,33,2485692,322967,325318,648285,0.260806649,
201610,대구,31,51554,1663,16.6,21,13.1,7.9,75,111.5,0.003,0.019,0.4,35,2485484,322222,326569,648791,0.261032057,
201611,대구,30,58530,1951,8.8,14,4.1,9.9,62,11.3,0.004,0.029,0.5,52,2485535,321718,327498,649216,0.26119769,
201612,대구,31,57072,1841,4,8.7,-0.6,9.3,58,41,0.004,0.028,0.6,47,2484557,321085,328901,649986,0.26161042,
201701,대구,31,40746,1314,1.1,6.3,-3.7,10,52,2.5,0.005,0.028,0.6,49,2484688,320352,330990,651342,0.26214237,
201702,대구,28,37901,1354,3.2,8.8,-2.2,11,46,25.7,0.004,0.025,0.5,41,2484578,320058,333016,653074,0.262851076,
201703,대구,31,45355,1463,7.9,13.9,2.4,11.5,50,38.4,0.004,0.024,0.5,48,2483488,319253,335133,654386,0.26349473,
201704,대구,30,50645,1688,15.7,22,9.6,12.4,52,53,0.003,0.019,0.4,50,2483105,318658,336438,655096,0.263821304,
201705,대구,31,42982,1387,20.8,27.5,14.5,13,52,33.1,0.003,0.017,0.4,53,2482476,318214,338411,656625,0.264504068,
201706,대구,30,32778,1093,23.3,30,17.9,12.1,60,71.5,0.003,0.014,0.4,38,2481985,317925,339605,657530,0.264921021,
201707,대구,31,25880,835,28,32.8,24,8.8,75,105.3,0.002,0.013,0.3,34,2481489,317153,340900,658053,0.265184734,
201708,대구,31,25323,817,26.4,31.4,22.5,8.9,75,171.3,0.002,0.012,0.3,24,2479887,316461,342250,658711,0.265621377,
201709,대구,30,34634,1154,21.5,27,16.4,10.6,68,97.5,0.002,0.017,0.4,36,2478236,315733,343519,659252,0.266016634,
201710,대구,31,34076,1099,16.2,21.2,12,9.2,71,54.3,0.002,0.018,0.4,32,2477186,315025,344824,659849,0.26637039,
201711,대구,30,46044,1535,7.8,14.2,2.3,11.9,53,0.1,0.004,0.028,0.5,52,2476557,314594,345942,660536,0.266715444,
201712,대구,31,47529,1533,0.7,5.8,-4,9.8,46,11,0.004,0.028,0.6,46,2475231,314017,347459,661476,0.267238088,
201801,대구,31,46822,1510,-0.9,4,-5.2,9.2,49,21.1,0.004,0.027,0.6,47,2474309,313210,349175,662385,0.267705044,
201802,대구,28,32180,1149,1.3,7.1,-4.2,11.3,40,25.1,0.004,0.025,0.5,48,2473466,312412,350638,663050,0.268065136,
201803,대구,31,36193,1168,9.2,15.6,3.3,12.3,60,98.7,0.003,0.022,0.4,43,2472175,311451,352802,664253,0.268691739,
201804,대구,30,46519,1551,15,21.4,8.9,12.5,52,113,0.003,0.017,0.4,56,2471136,310512,354180,664692,0.268982363,
201805,대구,31,41869,1351,19.2,24.8,14.2,10.6,62,99.7,0.002,0.013,0.3,40,2469936,309841,355651,665492,0.269436941,
201806,대구,30,31021,1034,23.6,28.7,18.7,10,60,121.1,0.002,0.013,0.3,36,2469617,309201,356657,665858,0.269619945,
201401,인천,31,66127,2133,-0.3,3,-3.9,6.9,66,7.9,0.01,0.036,0.8,58,2882047,426786,284081,710867,0.246653507,
201402,인천,28,77441,2766,1.4,5.1,-1.6,6.7,69,16.7,0.008,0.035,0.8,58,2884824,426453,285453,711906,0.246776233,
201403,인천,31,68525,2210,7,11.1,3.7,7.4,73,8.5,0.008,0.03,0.6,58,2886580,425460,286800,712260,0.246748748,
201404,인천,30,78586,2620,12.3,16.7,8.8,7.9,75,44.1,0.008,0.033,0.5,59,2889258,425069,287972,713041,0.246790352,
201405,인천,31,68047,2195,16.9,21.5,13.2,8.3,76,74.3,0.008,0.026,0.5,67,2891615,424535,289178,713713,0.246821586,
201406,인천,30,50111,1670,21.8,25.4,19.2,6.2,88,62.8,0.006,0.021,0.5,43,2892483,423722,290200,713922,0.246819774,
201407,인천,31,46278,1493,24.8,28.4,22.3,6.1,91,227.2,0.006,0.02,0.5,41,2894151,423092,291789,714881,0.247008881,
201408,인천,31,42818,1381,24.5,27.6,22.1,5.5,91,122.1,0.005,0.02,0.5,34,2895292,422461,293136,715597,0.247158836,
201409,인천,30,55603,1853,22,25.6,18.8,6.8,84,93.9,0.006,0.026,0.5,36,2897018,421873,294484,716357,0.247273921,
201410,인천,31,64989,2096,15.9,20,12,8,76,60.3,0.006,0.032,0.6,40,2899071,421417,295832,717249,0.247406497,
201411,인천,30,73662,2455,9.2,12.7,5.8,6.9,75,46,0.007,0.032,0.7,47,2900996,420724,296755,717479,0.24732161,
201412,인천,31,76528,2469,-2.1,1.4,-5.3,6.7,70,24.3,0.007,0.028,0.7,45,2902608,420398,297951,718349,0.247483987,
201501,인천,31,58455,1886,-0.8,2.8,-3.9,6.7,72,10.3,0.007,0.03,0.8,53,2904876,419229,299529,718758,0.24743156,
201502,인천,28,52681,1881,1.2,4.9,-1.9,6.8,75,22.8,0.007,0.029,0.7,84,2906603,418361,300973,719334,0.247482714,
201503,인천,31,61661,1989,5.4,10,1.5,8.5,69,10,0.008,0.033,0.7,73,2908418,417364,302414,719778,0.247480933,
201504,인천,30,61238,2041,12.5,16.7,8.9,7.8,72,53.7,0.006,0.03,0.6,54,2910307,416750,303678,720428,0.247543644,
201505,인천,31,56505,1823,17,21.5,13.3,8.2,78,30.1,0.007,0.026,0.5,52,2912114,415926,305227,721153,0.247639,
201506,인천,30,42560,1419,21.8,26,18.4,7.6,84,63.6,0.006,0.022,0.5,42,2914271,415593,306370,721963,0.247733653,
201507,인천,31,36285,1170,24.5,27.9,22,5.9,91,175.8,0.005,0.018,0.4,34,2916719,415108,307731,722839,0.247826068,
201508,인천,31,37213,1200,25.8,29.3,23.2,6.1,93,45.5,0.006,0.017,0.5,42,2918982,414532,308782,723314,0.247796663,
201509,인천,30,49317,1644,22.5,26.7,18.7,8,75,13.5,0.005,0.022,0.5,38,2920938,413575,309809,723384,0.247654692,
201510,인천,31,56433,1820,16,19.8,12.5,7.3,76,87,0.006,0.026,0.6,53,2923030,413072,311017,724089,0.247718634,
201511,인천,30,60399,2013,9.4,12.3,6.9,5.4,86,107.7,0.005,0.028,0.7,41,2924578,412312,312009,724321,0.247666843,
201512,인천,31,79297,2558,2.4,5.7,-0.7,6.4,72,32,0.007,0.033,0.8,54,2925815,411642,312905,724547,0.247639376,
201601,인천,31,59326,1914,-2.2,1.1,-5.1,6.2,67,2.8,0.007,0.026,0.7,49,2927195,410301,314309,724610,0.247544151,
201602,인천,29,57046,1967,0.9,4.6,-2.5,7.1,66,43.1,0.007,0.026,0.6,46,2928596,409527,315278,724805,0.247492314,
201603,인천,31,62796,2026,6.4,10.5,3,7.5,71,44.1,0.007,0.031,0.6,65,2929817,408677,316147,724824,0.247395656,
201604,인천,30,60805,2027,12.7,17.7,9,8.7,75,80.8,0.007,0.031,0.5,72,2932141,408141,316941,725082,0.247287562,
201605,인천,31,57019,1839,18.3,23,14.4,8.6,76,148.5,0.007,0.025,0.5,58,2933959,407811,317827,725638,0.247323838,
201606,인천,30,42712,1424,22.1,25.8,19,6.8,88,19.5,0.006,0.021,0.5,48,2935314,407182,318605,725787,0.247260429,
201607,인천,31,37259,1202,25.2,28.2,22.9,5.3,94,300.5,0.006,0.018,0.4,35,2937217,406697,319613,726310,0.247278291,
201608,인천,31,38867,1254,27.4,30.9,24.6,6.3,86,26.5,0.005,0.017,0.5,37,2938902,406257,320510,726767,0.247292016,
201609,인천,30,46642,1555,22.9,26.7,19.8,6.9,85,34.5,0.005,0.022,0.5,41,2940436,405701,321248,726949,0.247224901,
201610,인천,31,53404,1723,16.2,20.1,12.6,7.5,75,78.7,0.005,0.025,0.6,42,2941793,404984,322418,727402,0.247264848,
201611,인천,30,66358,2212,7.4,11,4,7,61,18.2,0.006,0.027,0.7,55,2942613,404418,323199,727617,0.247269009,
201612,인천,31,76756,2476,2.2,5.6,-1.2,6.8,63,67.1,0.006,0.028,0.8,47,2943069,403683,324255,727938,0.247339767,
201701,인천,31,50157,1618,-0.9,2.8,-4.1,6.9,60,20.6,0.006,0.027,0.8,52,2944009,402560,326309,728869,0.247577028,
201702,인천,28,45613,1629,0.2,3.9,-3.1,7,59,16.2,0.006,0.026,0.7,47,2944266,401626,328171,729797,0.247870607,
201703,인천,31,58764,1896,5.8,10.3,2.5,7.8,61,9.7,0.007,0.03,0.7,62,2944630,400683,330456,731139,0.248295711,
201704,인천,30,62241,2075,12.4,16.8,9.1,7.7,64,57,0.006,0.025,0.6,58,2945305,400086,332167,732253,0.248617036,
201705,인천,31,54683,1764,17.6,22.3,14,8.3,66,21.6,0.006,0.022,0.5,63,2946270,399483,334907,734390,0.24926093,
201706,인천,30,41838,1395,21.7,25.7,18.5,7.2,69,49.3,0.005,0.018,0.4,42,2946915,398860,336333,735193,0.249478862,
201707,인천,31,36303,1171,25.8,28.6,23.8,4.8,86,478.3,0.005,0.018,0.5,37,2947803,398180,338144,736324,0.249787384,
201708,인천,31,35145,1134,25.4,28.3,23.1,5.2,76,250.5,0.005,0.019,0.4,27,2948014,397670,339710,737380,0.250127713,
201709,인천,30,45496,1517,21.9,25.5,18.5,7,67,21.6,0.005,0.022,0.5,38,2947298,396790,341105,737895,0.250363214,
201710,인천,31,41902,1352,15.7,19.9,12.1,7.8,63,21.8,0.004,0.022,0.5,33,2948098,396239,342610,738849,0.250618874,
201711,인천,30,57156,1905,5.9,9.9,2.3,7.6,60,42.2,0.005,0.026,0.6,41,2948241,395646,343820,739466,0.250815995,
201712,인천,31,62084,2003,-1.3,2.1,-4.7,6.8,61,40.1,0.006,0.031,0.6,45,2948542,394966,345024,739990,0.250968106,
201801,인천,31,57667,1860,-3.8,-0.6,-6.6,6,56,4.5,0.006,0.029,0.7,48,2950771,394324,346691,741015,0.251125892,
201802,인천,28,39378,1406,-1.8,2,-5.2,7.2,54,27,0.006,0.027,0.6,49,2951629,393667,348264,741931,0.25136323,
201803,인천,31,45703,1474,6.9,11.1,3.5,7.6,71,78.6,0.005,0.029,0.6,49,2951442,392562,350076,742638,0.2516187,
201804,인천,30,53482,1783,11.9,16.3,8.2,8.1,64,112.2,0.005,0.027,0.5,46,2952476,391833,351380,743213,0.251725332,
201805,인천,31,52217,1684,17,21.1,13.3,7.8,72,158.9,0.004,0.023,0.5,40,2953255,390995,353085,744080,0.251952507,
201806,인천,30,40625,1354,21.2,25.4,18,7.4,76,144,0.005,0.022,0.4,34,2953883,390353,354333,744686,0.252104095,
201401,광주,31,42666,1376,2.1,7.6,-2.7,10.3,58,12.9,0.006,0.028,0.7,52,1473529,244061,152687,396748,0.269250215,
201402,광주,28,43449,1552,4.2,9.7,-0.1,9.8,57,8.6,0.005,0.024,0.7,46,1473327,243496,153257,396753,0.269290524,
201403,광주,31,44063,1421,8.6,14.5,3.8,10.7,61,101.7,0.004,0.023,0.6,49,1472490,242625,153924,396549,0.269305055,
201404,광주,30,51386,1713,14.5,21.1,9.4,11.7,55,62.5,0.004,0.02,0.5,43,1471850,241988,154329,396317,0.269264531,
201405,광주,31,43257,1395,19.2,25.8,13.3,12.5,56,57,0.004,0.015,0.4,64,1473697,241393,155136,396529,0.269070915,
201406,광주,30,30866,1029,22.9,28.2,19.1,9.1,67,72,0.003,0.013,0.4,41,1474546,240917,155736,396653,0.269000085,
201407,광주,31,28275,912,25.2,29.8,21.8,8,74,240.9,0.003,0.012,0.4,29,1475676,240363,156780,397143,0.26912615,
201408,광주,31,28585,922,24.4,28.3,21.7,6.6,78,370.2,0.003,0.013,0.4,28,1476459,239751,157420,397171,0.26900239,
201409,광주,30,35722,1191,22.3,27.6,18.1,9.5,69,116.5,0.004,0.015,0.4,31,1477517,239323,158108,397431,0.268985738,
201410,광주,31,40456,1305,16.4,22.6,11.3,11.3,66,105,0.003,0.02,0.4,32,1477780,238689,158737,397426,0.268934483,
201411,광주,30,45299,1510,10.3,15.3,6.2,9.1,68,95.5,0.004,0.025,0.6,37,1478204,237987,159367,397354,0.268808635,
201412,광주,31,46528,1501,1.2,5.6,-2.4,8,70,47.5,0.004,0.021,0.5,35,1475884,237255,159822,397077,0.269043502,
201501,광주,31,37794,1219,1.7,6.2,-2.1,8.3,66,47.2,0.004,0.024,0.6,43,1476891,236245,160620,396865,0.268716513,
201502,광주,28,37566,1342,3,7.8,-0.9,8.7,61,23.9,0.004,0.021,0.6,59,1477340,235417,161218,396635,0.268479158,
201503,광주,31,38030,1227,8,14.7,2.3,12.4,51,36.5,0.004,0.023,0.5,64,1477504,234560,161697,396257,0.268193521,
201504,광주,30,40637,1355,13.9,20.5,8.9,11.6,63,145.5,0.003,0.019,0.5,40,1477609,233721,162117,395838,0.267890897,
201505,광주,31,33885,1093,19.4,26.1,13.6,12.5,56,48.6,0.003,0.018,0.4,41,1477212,232817,162714,395531,0.267755068,
201506,광주,30,25317,844,22.5,27.7,18.7,9,70,96.1,0.003,0.014,0.5,41,1476974,232333,163133,395466,0.267754206,
201507,광주,31,20760,670,25.4,29.7,22.2,7.5,83,164.3,0.003,0.011,0.3,31,1476716,231535,163797,395332,0.267710244,
201508,광주,31,22613,729,26,30.5,22.7,7.8,81,148.9,0.003,0.012,0.4,29,1476152,230753,164243,394996,0.26758491,
201509,광주,30,30950,1032,22,27.3,17.4,9.9,73,66.6,0.002,0.014,0.3,25,1475590,229655,164827,394482,0.267338488,
201510,광주,31,34469,1112,16.9,22.7,12.1,10.6,70,90.9,0.002,0.021,0.4,49,1474603,228914,165349,394263,0.267368912,
201511,광주,30,32862,1095,11.6,15.4,8.5,6.9,83,121.9,0.002,0.025,0.5,35,1474910,228259,165887,394146,0.267233933,
201512,광주,31,43091,1390,5.3,9.4,1.8,7.6,73,59.2,0.003,0.026,0.6,42,1472199,227392,166389,393781,0.267478106,
201601,광주,31,32308,1042,0.9,4.9,-2.1,7,69,49.7,0.003,0.024,0.6,39,1472802,226317,167123,393440,0.267137063,
201602,광주,29,33017,1139,3.3,8.2,-1,9.2,60,45.2,0.004,0.021,0.6,44,1472153,225613,167610,393223,0.267107427,
201603,광주,31,36233,1169,8.4,14.7,3.4,11.3,60,55.2,0.003,0.022,0.5,52,1471618,224758,168081,392839,0.266943595,
201604,광주,30,36913,1230,15.5,21.9,10.5,11.4,66,185,0.003,0.018,0.4,64,1471819,224273,168496,392769,0.26685958,
201605,광주,31,33320,1075,19.8,26,14.3,11.7,65,104.5,0.003,0.016,0.4,49,1472317,223846,169044,392890,0.2668515,
201606,광주,30,23984,799,23,27.6,19.5,8.1,80,116.1,0.002,0.013,0.4,35,1472285,223406,169542,392948,0.266896695,
201607,광주,31,20395,658,26.9,31.1,23.7,7.4,84,301.3,0.002,0.011,0.3,23,1472481,222907,170131,393038,0.26692229,
201608,광주,31,20295,655,27.8,33.1,23.8,9.3,79,81,0.002,0.014,0.4,28,1472432,222427,170542,392969,0.266884311,
201609,광주,30,26783,893,23,27.6,19.6,8,83,251.2,0.002,0.014,0.4,31,1472379,221676,171001,392677,0.266695599,
201610,광주,31,34680,1119,17.2,21.5,13.6,7.9,79,216.7,0.003,0.019,0.5,32,1471911,220971,171587,392558,0.266699549,
201611,광주,30,41158,1372,9.6,14.6,5.3,9.3,69,31.5,0.003,0.024,0.6,44,1471384,220503,172058,392561,0.266797111,
201612,광주,31,43248,1395,4.7,9.4,0.7,8.7,69,44.9,0.003,0.025,0.6,40,1469214,219773,172572,392345,0.267044147,
201701,광주,31,32768,1057,2,6.7,-1.9,8.6,66,11.7,0.003,0.023,0.5,47,1469583,219002,173562,392564,0.267126117,
201702,광주,28,29513,1054,2.9,8.4,-1.7,10.1,60,41.9,0.003,0.022,0.5,35,1468527,218343,174297,392640,0.267369956,
201703,광주,31,36057,1163,7.4,13.8,2.4,11.4,57,33.2,0.003,0.025,0.5,49,1467766,217728,175082,392810,0.267624403,
201704,광주,30,39242,1308,15.1,21.9,9.5,12.4,60,60.6,0.002,0.018,0.4,54,1467002,217233,175528,392761,0.267730378,
201705,광주,31,32846,1060,19.8,26.4,14.1,12.3,62,30.2,0.003,0.017,0.4,56,1466741,216774,176651,393425,0.268230724,
201706,광주,30,25887,863,23.1,29.4,18.5,10.9,68,42.1,0.002,0.015,0.4,35,1466451,216442,177256,393698,0.268469932,
201707,광주,31,21221,685,27.8,32,24.8,7.2,89,211.6,0.002,0.011,0.3,24,1466415,216065,177858,393923,0.268629958,
201708,광주,31,22028,711,27,31.6,23.4,8.2,83,280.5,0.002,0.012,0.4,24,1466642,215678,178529,394207,0.26878202,
201709,광주,30,28142,938,22.4,27.6,18,9.6,76,108.8,0.002,0.015,0.4,34,1466639,215219,179078,394297,0.268843935,
201710,광주,31,27453,886,17,22.1,12.8,9.3,75,85.4,0.002,0.017,0.4,33,1466716,214890,179747,394637,0.269061632,
201711,광주,30,36864,1229,8.8,14.6,4,10.6,64,2.1,0.003,0.026,0.6,50,1466328,214509,180317,394826,0.26926172,
201712,광주,31,36504,1178,1.9,6.6,-1.9,8.5,64,28.5,0.003,0.024,0.6,44,1463770,213935,180862,394797,0.269712455,
201801,광주,31,35960,1160,-0.2,4.5,-3.8,8.3,67,38.8,0.003,0.024,0.6,45,1464037,213343,181513,394856,0.269703566,
201802,광주,28,26582,949,1.8,7.1,-2.8,9.9,54,22,0.003,0.024,0.6,50,1463100,212625,181914,394539,0.269659627,
201803,광주,31,29945,966,10,16.5,4.7,11.8,72,115.8,0.002,0.019,0.6,48,1462033,211991,182406,394397,0.269759301,
201804,광주,30,32350,1078,15.1,21.5,9.7,11.8,67,127.4,0.002,0.016,0.5,56,1460972,211295,182622,393917,0.26962666,
201805,광주,31,30016,968,19.5,25,14.8,10.2,74,85.4,0.002,0.013,0.4,40,1460564,210744,183187,393931,0.269711563,
201806,광주,30,22573,752,23.6,29.5,19.2,10.3,74,222.4,0.002,0.011,0.4,41,1460745,210322,183774,394096,0.2697911,
201401,대전,31,28209,910,-0.1,5.9,-5.2,11.1,65,6.5,0.008,0.031,0.8,56,1533497,242824,151537,394361,0.257164507,
201402,대전,28,33294,1189,2.7,8.3,-1.9,10.2,64,8.5,0.006,0.026,0.6,51,1534335,242470,152295,394765,0.257287359,
201403,대전,31,32381,1045,8.3,13.9,3,10.9,64,67.2,0.005,0.022,0.5,50,1534954,241909,153032,394941,0.257298264,
201404,대전,30,37680,1256,14.3,21.1,8.2,12.9,61,59.4,0.004,0.022,0.4,45,1535367,241400,153655,395055,0.257303303,
201405,대전,31,29756,960,19.4,25.9,13.3,12.6,62,49.7,0.003,0.016,0.4,59,1535415,240909,154125,395034,0.257281582,
201406,대전,30,21752,725,22.9,27.7,18.9,8.8,77,143.7,0.002,0.013,0.3,39,1535701,240397,154622,395019,0.2572239,
201407,대전,31,20110,649,25.9,30.2,22.5,7.7,83,177.2,0.002,0.012,0.3,31,1536349,240006,155405,395411,0.257370558,
201408,대전,31,19916,642,24.2,27.8,21.4,6.4,87,240.9,0.003,0.012,0.3,23,1536286,239372,156075,395447,0.257404546,
201409,대전,30,28149,938,21.6,26.9,17.1,9.8,78,118,0.003,0.014,0.4,27,1535815,238675,156657,395332,0.257408607,
201410,대전,31,31112,1004,14.9,21.2,9.5,11.7,76,169.4,0.003,0.021,0.5,29,1535028,237861,157207,395068,0.257368595,
201411,대전,30,38531,1284,8.5,13.9,4,9.9,77,40.7,0.004,0.026,0.6,39,1534041,237014,157744,394758,0.257332105,
201412,대전,31,35461,1144,-1.3,3.4,-5.5,8.9,75,36.5,0.006,0.024,0.7,43,1531809,236053,158329,394382,0.257461603,
201501,대전,31,26649,860,0,5,-4.4,9.4,73,31.5,0.006,0.024,0.7,52,1531287,235033,159199,394232,0.257451412,
201502,대전,28,25556,913,1.9,7.2,-2.4,9.6,66,27,0.005,0.02,0.6,68,1529431,233519,159871,393390,0.257213304,
201503,대전,31,29839,963,7.2,14.3,0.6,13.7,51,44.7,0.005,0.021,0.5,68,1528090,232319,160577,392896,0.257115746,
201504,대전,30,30423,1014,13.3,19.3,7.8,11.5,68,95.2,0.003,0.017,0.4,40,1527314,231494,161134,392628,0.25707091,
201505,대전,31,26667,860,19.5,26,13,13,60,28.9,0.004,0.017,0.4,49,1526568,230693,161794,392487,0.257104171,
201506,대전,30,16113,537,23.4,28.9,18.5,10.4,68,119.8,0.003,0.014,0.4,40,1525656,230105,162352,392457,0.257238198,
201507,대전,31,14536,469,25.4,29.5,22.1,7.4,80,145.6,0.002,0.011,0.5,31,1525195,229578,163023,392601,0.257410364,
201508,대전,31,18607,600,26.4,31.2,22.6,8.6,76,51.6,0.002,0.012,0.4,32,1524025,228549,163543,392092,0.257273995,
201509,대전,30,27724,924,21.7,27.7,16.5,11.2,69,18.5,0.002,0.017,0.4,27,1523338,227638,164135,391773,0.257180613,
201510,대전,31,29529,953,15.5,22,10.1,11.9,71,94.1,0.002,0.024,0.5,50,1522288,226765,164667,391432,0.257133998,
201511,대전,30,32546,1085,10.1,13.8,6.9,6.9,83,126.1,0.003,0.022,0.5,37,1521142,225916,165046,390962,0.25701874,
201512,대전,31,40832,1317,3.1,7.9,-0.8,8.7,75,39.7,0.005,0.024,0.6,49,1518775,224747,165528,390275,0.256966964,
201601,대전,31,28871,931,-1.3,3.6,-5.4,9,69,11.6,0.005,0.021,0.6,48,1518024,223514,166181,389695,0.256712015,
201602,대전,29,28469,982,1.5,7,-3.3,10.3,62,45.8,0.004,0.019,0.5,46,1517716,222773,166629,389402,0.256571058,
201603,대전,31,29745,960,7.5,14.1,1.6,12.5,58,40.3,0.004,0.019,0.5,59,1517118,222044,167168,389212,0.256546953,
201604,대전,30,29250,975,14.8,21.5,8.9,12.6,63,154.9,0.003,0.021,0.4,64,1516904,221433,167545,388978,0.256428884,
201605,대전,31,27217,878,19.8,26.4,13.5,12.9,62,85.1,0.003,0.017,0.4,49,1516494,220812,168006,388818,0.256392706,
201606,대전,30,19849,662,23.7,28.7,19.2,9.5,72,62.5,0.002,0.014,0.4,38,1516208,220411,168405,388816,0.25643975,
201607,대전,31,17163,554,26.6,30.7,23.1,7.6,81,367.9,0.002,0.013,0.4,27,1516291,219984,168973,388957,0.256518703,
201608,대전,31,17248,556,27.9,33.2,23.5,9.7,72,57.4,0.003,0.015,0.4,29,1516165,219550,169463,389013,0.256576956,
201609,대전,30,22923,764,22.4,26.6,19,7.6,79,196,0.002,0.016,0.5,32,1516241,219109,169994,389103,0.256623452,
201610,대전,31,27817,897,15.7,20.6,12,8.6,79,122.6,0.002,0.019,0.5,36,1515787,218657,170570,389227,0.25678212,
201611,대전,30,35051,1168,7.2,12.8,2.4,10.4,72,29.5,0.004,0.028,0.6,51,1515394,218189,171044,389233,0.256852673,
201612,대전,31,37953,1224,2.5,7.6,-2,9.6,71,54.8,0.004,0.027,0.6,47,1514370,217638,171568,389206,0.257008525,
201701,대전,31,25180,812,-0.4,5,-5.1,10.1,67,15,0.004,0.024,0.6,51,1514354,216868,172486,389354,0.257108972,
201702,대전,28,22717,811,1.2,7.2,-4.2,11.4,61,42,0.004,0.023,0.5,46,1513877,216132,173429,389561,0.257326718,
201703,대전,31,26829,865,6.8,13.4,0.9,12.5,54,11.6,0.004,0.021,0.5,54,1512189,215271,174350,389621,0.25765364,
201704,대전,30,27743,925,14.5,21.1,8.5,12.6,57,77.7,0.003,0.016,0.4,58,1511396,214489,175145,389634,0.257797427,
201705,대전,31,24685,796,19.6,26.3,13.5,12.8,60,29.3,0.003,0.015,0.3,63,1509587,213636,176183,389819,0.258228906,
201706,대전,30,18773,626,23.3,29.4,17.8,11.6,62,35.3,0.002,0.014,0.4,43,1508137,213039,176847,389886,0.258521606,
201707,대전,31,15715,507,27.1,30.7,24.2,6.5,87,434.5,0.002,0.011,0.3,32,1507597,212484,177481,389965,0.258666607,
201708,대전,31,15282,493,26,30.1,22.6,7.5,83,293.8,0.002,0.012,0.4,24,1507116,211969,178223,390192,0.258899779,
201709,대전,30,20804,693,21.1,26.3,16.5,9.8,77,111.4,0.002,0.016,0.4,37,1506741,211556,178941,390497,0.259166638,
201710,대전,31,19989,645,15.4,20.8,10.9,9.9,76,28.3,0.002,0.018,0.4,36,1505829,210989,179659,390648,0.259423879,
201711,대전,30,28213,940,6.4,12.3,1,11.3,68,15.1,0.003,0.023,0.5,51,1504307,210318,180079,390397,0.2595195,
201712,대전,31,28035,904,-0.4,4.7,-4.9,9.6,66,33.5,0.003,0.024,0.6,49,1502227,209595,180667,390262,0.259788967,
201801,대전,31,24816,801,-2.5,2.4,-6.6,9,66,23.9,0.003,0.026,0.6,56,1501378,208914,181449,390363,0.260003144,
201802,대전,28,18480,660,-0.4,5.6,-5.7,11.3,53,40.5,0.004,0.028,0.5,56,1499187,207659,182109,389768,0.259986246,
201803,대전,31,22269,718,8.7,14.9,3.1,11.8,70,108.4,0.002,0.022,0.4,52,1497572,206714,182965,389679,0.260207189,
201804,대전,30,27716,924,13.9,20.3,7.8,12.5,64,155.3,0.002,0.017,0.4,60,1496123,205855,183605,389460,0.260312822,
201805,대전,31,25320,817,19.2,24.7,14,10.7,70,95.9,0.002,0.014,0.3,47,1495234,205191,184439,389630,0.260581287,
201806,대전,30,19042,635,23.6,29.1,18.8,10.3,68,115.8,0.002,0.014,0.4,38,1494878,204670,184961,389631,0.260644012,
